,state,cg00872580,cg00931843,cg01687878,cg02308560,cg02625024,cg03803541,cg05597748,cg07039378,cg08041350,cg08362785,cg09787089,cg10837111,cg11234111,cg17280129,cg19809499,cg20093992,cg20471691,cg21915970
GSM4299203,1,0.741956867,0.52032167,0.6631197,0.6457658,0.6475227,0.6122703,0.7370192,0.666992,0.8102355,0.6890927,0.9046845,0.8764971,0.1173345,0.7412309,0.1305185,0.8478484,0.6622475,0.1193783
GSM4299204,1,0.752670156,0.450976003,0.5681843,0.662346,0.5665851,0.5852395,0.7197585,0.6852389,0.8125034,0.6524075,0.8890455,0.8420466,0.1120715,0.711015,0.1294281,0.8131888,0.6345247,0.1384224
GSM4299205,0,0.764172642,0.558849401,0.5641675,0.6782415,0.5984507,0.6589149,0.7423035,0.6552485,0.7819281,0.6471175,0.8931067,0.8702952,0.1121958,0.7587118,0.1371385,0.8256679,0.6705888,0.1389222
GSM4299208,1,0.753863017,0.502112408,0.5767561,0.6388909,0.5582988,0.5026214,0.7488306,0.6622735,0.7771857,0.6719187,0.8910488,0.8829262,0.1180844,0.7561374,0.1071235,0.8447654,0.5964929,0.129369
GSM4299209,0,0.704310983,0.592387651,0.5528654,0.6229303,0.6138264,0.5587112,0.7433016,0.6627283,0.7999305,0.598127,0.9065229,0.8752126,0.1082854,0.690659,0.09903916,0.8303406,0.6540148,0.1170324
GSM4299210,0,0.763515272,0.479487891,0.5583769,0.6554262,0.5537098,0.6328269,0.7420504,0.6434699,0.7466815,0.6215371,0.9026424,0.8947085,0.09324501,0.7300282,0.09498533,0.8469751,0.6217831,0.1324671
GSM4299211,1,0.758927005,0.461033257,0.5485216,0.6542,0.6049543,0.6139212,0.7358297,0.6557669,0.8037556,0.6228507,0.9040917,0.8700279,0.1017794,0.7250891,0.1035585,0.8537533,0.7017847,0.1158899
GSM4299212,1,0.710455198,0.555506134,0.5904032,0.6504248,0.6250987,0.7072989,0.7160619,0.6284267,0.7796279,0.6098224,0.9007585,0.8710697,0.114961,0.6240692,0.145854,0.858225,0.7308075,0.1300195
GSM4299213,0,0.718453316,0.575477996,0.5393424,0.6178189,0.6135545,0.4652277,0.7321678,0.6696156,0.7514293,0.6138581,0.9087609,0.8813786,0.1040463,0.7468085,0.1312118,0.8458685,0.5724012,0.1004328
GSM4299215,0,0.751305681,0.631523934,0.560161,0.6362595,0.6565847,0.3875049,0.7619766,0.5826982,0.7939583,0.6681961,0.9042257,0.8828249,0.1213497,0.7249578,0.1126971,0.8394271,0.512,0.1395593
GSM4299219,0,0.737902053,0.484382535,0.5600157,0.6112615,0.6284771,0.6255753,0.7381895,0.6488343,0.756549,0.6558876,0.8962511,0.8693375,0.112517,0.6961436,0.1495957,0.8282511,0.7141937,0.1154264
GSM4299220,1,0.710504902,0.589003717,0.5150003,0.6503243,0.624663,0.6403363,0.7407162,0.5224644,0.7555793,0.6221459,0.8948386,0.8907854,0.1075638,0.7104807,0.1232262,0.8362597,0.7404008,0.1123757
GSM4299221,1,0.739194699,0.53726699,0.6137505,0.6573962,0.6052583,0.6098448,0.735952,0.6267428,0.7755805,0.643907,0.9000909,0.8442592,0.1164504,0.7008501,0.1229197,0.8120282,0.6844943,0.135734
GSM4299222,1,0.723868052,0.551117677,0.573227,0.678616,0.6648366,0.5586913,0.7599683,0.64419,0.7717137,0.6660759,0.9010418,0.8870343,0.1103739,0.768199,0.1409956,0.8448966,0.6538285,0.1292411
GSM4299223,1,0.747926513,0.527415783,0.5705493,0.6620551,0.5385752,0.5745089,0.7546237,0.678088,0.7848566,0.6581469,0.880282,0.8603504,0.1303208,0.7330368,0.1322228,0.8587658,0.6739716,0.123793
GSM4299224,0,0.749124466,0.492986997,0.5697586,0.6705803,0.662428,0.5469586,0.7127464,0.583847,0.8105641,0.6174852,0.8986989,0.8540081,0.1033434,0.743869,0.1348461,0.8586284,0.6202264,0.1558038
GSM4299225,1,0.753249477,0.442794481,0.5809929,0.6480843,0.5288426,0.5946878,0.7478241,0.6461757,0.8095849,0.6410454,0.9119199,0.853539,0.1079534,0.6969101,0.1420134,0.8587289,0.6802377,0.1363898
GSM4299227,1,0.73613441,0.466164604,0.5550803,0.6929039,0.6201074,0.7041772,0.7766367,0.7084216,0.8018903,0.6369901,0.8996293,0.8170736,0.117357,0.7959985,0.1281176,0.8454941,0.7085584,0.1091144
GSM4299228,1,0.723956539,0.471422794,0.5319066,0.7029308,0.6234939,0.7000598,0.7903675,0.6929463,0.8040831,0.6650413,0.9054415,0.8742022,0.1076368,0.8052373,0.1781722,0.8468121,0.6485353,0.1208493
GSM4299230,1,0.739154453,0.44883025,0.6415227,0.7269003,0.5389735,0.3495352,0.805821,0.766559,0.809332,0.6833782,0.9019074,0.8770744,0.09667441,0.7892167,0.1168529,0.8564286,0.4369269,0.1163489
GSM4299231,0,0.716646435,0.432000534,0.4900504,0.6708304,0.6421198,0.6866129,0.7586923,0.7320906,0.7814576,0.5700232,0.9019508,0.8940719,0.1107673,0.7687214,0.1280133,0.8285141,0.7136375,0.1230558
GSM4299234,1,0.721237511,0.475284455,0.5389253,0.6458496,0.5049406,0.6906077,0.7663015,0.7140394,0.8033681,0.6716185,0.9003816,0.8739758,0.1016418,0.7800335,0.1097225,0.8571856,0.6999376,0.1187159
GSM4299235,1,0.753078156,0.492034245,0.5864493,0.6862554,0.5571291,0.6860883,0.7727617,0.7378497,0.7997448,0.6557948,0.8986192,0.8818318,0.1008723,0.7668982,0.134705,0.8472669,0.7130888,0.1242528
GSM4299236,0,0.750050765,0.487965944,0.5406369,0.6619995,0.5216814,0.5390135,0.7614567,0.7726142,0.7956787,0.6346018,0.8982023,0.8985438,0.1049021,0.8078281,0.1095595,0.8695295,0.6545725,0.1153079
GSM4299237,0,0.741492544,0.576557785,0.5445624,0.6847773,0.6816994,0.6054182,0.7399405,0.6234839,0.8108968,0.6404656,0.8831597,0.8755837,0.09929195,0.783139,0.1212766,0.8376082,0.6387791,0.1162326
GSM4299238,0,0.753280452,0.50784346,0.5713085,0.6572136,0.5872206,0.6315135,0.7393374,0.6302478,0.770076,0.6180065,0.9035113,0.8640378,0.1008148,0.7648616,0.1317512,0.8478136,0.6881193,0.1124969
GSM4299239,1,0.783409763,0.568550815,0.5702556,0.6843631,0.6814596,0.5387765,0.7629722,0.6601689,0.8095647,0.6369249,0.8871796,0.8775754,0.1307797,0.7534749,0.1232223,0.8590868,0.5760779,0.1293263
GSM4299241,0,0.761050518,0.628884501,0.5261217,0.6380111,0.6239846,0.5607036,0.7423626,0.6168824,0.7818707,0.6047495,0.9060592,0.8643709,0.1144513,0.7486544,0.1226335,0.8366163,0.6236642,0.1241282
GSM4299242,0,0.768120863,0.576197344,0.5862549,0.623935,0.6030995,0.6887017,0.750021,0.6497514,0.7628078,0.6348181,0.899455,0.8677792,0.1142585,0.7745636,0.135958,0.8461305,0.7213967,0.1398452
GSM4299243,1,0.775886116,0.543802758,0.5379012,0.6356575,0.5603418,0.5946747,0.7513008,0.662879,0.7636293,0.6494805,0.9069628,0.878367,0.1158839,0.6950253,0.1293825,0.8373584,0.6475095,0.1193096
GSM4299244,0,0.75457607,0.514036133,0.5007024,0.6571401,0.6851888,0.6899326,0.7527741,0.5975995,0.7672082,0.6216279,0.9006306,0.8778399,0.1081695,0.7131622,0.1371,0.8334146,0.7244468,0.1217154
GSM4299245,0,0.747928967,0.484542535,0.5138981,0.6385649,0.542205,0.3750615,0.7418037,0.6124315,0.7573851,0.5920189,0.90581,0.897655,0.1028516,0.7833917,0.1163538,0.8220259,0.4629095,0.1230677
GSM4299247,0,0.769576404,0.634576772,0.5489935,0.6373956,0.6440559,0.7253805,0.7464869,0.5696559,0.773175,0.6299406,0.9018168,0.880156,0.1271429,0.7684043,0.1163753,0.8388494,0.761163,0.1307208
GSM4299250,0,0.728751302,0.436768964,0.5669651,0.6272823,0.6183066,0.5014537,0.7369159,0.5844131,0.7623586,0.6277066,0.9074344,0.8718653,0.1165289,0.7446669,0.1679713,0.8356561,0.5799973,0.1285878
GSM4299251,0,0.731976475,0.495669054,0.5617866,0.6509955,0.6288982,0.5275962,0.7641719,0.6157964,0.7915533,0.6104024,0.9132027,0.8695904,0.1133738,0.7346117,0.08816889,0.8270623,0.6395379,0.1108326
GSM4299341,0,0.746062481,0.631264034,0.5535841,0.6118809,0.5435704,0.5088483,0.7222437,0.640312,0.7919318,0.6205395,0.9048496,0.8672174,0.1113989,0.7624702,0.09551272,0.8333097,0.6058076,0.1277549
GSM4299342,0,0.727459006,0.562616237,0.563017,0.6568367,0.6183169,0.5146556,0.7350388,0.5932649,0.7565205,0.6229823,0.8953595,0.8734297,0.1093137,0.6965359,0.1175555,0.8298599,0.5898896,0.1152828
GSM4299345,0,0.751115231,0.676454607,0.5463522,0.6417947,0.7270004,0.6810882,0.7206882,0.6024023,0.8018978,0.6924906,0.9003094,0.8778821,0.1114052,0.7672207,0.1371211,0.8282906,0.743699,0.1384666
GSM4299346,0,0.70569438,0.52071384,0.5667108,0.6375266,0.5892827,0.5683082,0.758981,0.7166409,0.7603988,0.6407906,0.9212777,0.8645364,0.1029988,0.7745489,0.138956,0.8305151,0.6194479,0.1304996
GSM4299347,0,0.722459321,0.612499237,0.511978,0.6371269,0.6408076,0.7113479,0.7419515,0.6500262,0.7234734,0.6528232,0.9142105,0.8852812,0.09227283,0.7544915,0.1273124,0.8636715,0.7579346,0.1215791
GSM4299348,0,0.686068145,0.683936533,0.5110462,0.6502138,0.5464467,0.5142398,0.7144874,0.6121846,0.7200896,0.5708452,0.9111679,0.8842348,0.1034684,0.7421574,0.08642753,0.8003869,0.6044732,0.1459768
GSM4299349,1,0.752010902,0.453447805,0.5786581,0.6209184,0.5755775,0.7173241,0.7836369,0.6288828,0.7740158,0.6554247,0.8802287,0.8620455,0.1077293,0.7492549,0.1303523,0.8487693,0.7214466,0.1271295
GSM4299350,1,0.760035281,0.495352896,0.5601027,0.6243582,0.569164,0.5731216,0.7490139,0.6518473,0.8038747,0.6056488,0.8980182,0.8759168,0.1193675,0.7403549,0.09936608,0.8575004,0.6562234,0.1221461
GSM4299351,0,0.721880746,0.493216395,0.5823166,0.6477592,0.6317053,0.5518176,0.7661067,0.5342844,0.7357196,0.6184473,0.9169301,0.8603745,0.1039496,0.6953081,0.1080991,0.8264122,0.5838644,0.1109639
GSM4299354,1,0.740095744,0.471858408,0.5599023,0.6516774,0.6000885,0.675479,0.7560548,0.6982206,0.774763,0.6540138,0.8924849,0.8698067,0.1097504,0.7461089,0.1711861,0.8051057,0.7101619,0.1163574
GSM4299358,1,0.747958653,0.571062998,0.6339083,0.6440318,0.5984407,0.7644293,0.7631064,0.6845312,0.7611493,0.6595128,0.906301,0.862194,0.1172305,0.7594502,0.09714391,0.8442135,0.7660079,0.1156968
GSM4299359,1,0.762488846,0.466566791,0.5756571,0.6453431,0.5787841,0.6204801,0.7490475,0.6665525,0.8002243,0.6198985,0.874611,0.8754314,0.1108777,0.6959987,0.1209157,0.8244685,0.6895381,0.1129814
GSM4299360,1,0.713648611,0.554469177,0.5647436,0.660115,0.5382468,0.3895491,0.7529028,0.6790978,0.8039573,0.6008398,0.8919965,0.8573569,0.09379043,0.7678778,0.1321901,0.8236576,0.4396385,0.1127651
GSM4299361,0,0.719417361,0.473951529,0.5148598,0.6666616,0.6275216,0.4579376,0.7351055,0.7004049,0.756089,0.6058548,0.8784326,0.8991665,0.1049136,0.7285815,0.1746635,0.8453086,0.5297268,0.1215753
GSM4299362,0,0.714756605,0.520171276,0.4985076,0.6901844,0.6256444,0.4013376,0.7720088,0.6688881,0.7787992,0.6235879,0.9073332,0.8830514,0.1070317,0.7741645,0.135012,0.8465762,0.5360182,0.1417029
GSM4299363,0,0.723009487,0.547082499,0.5820485,0.6796607,0.6047666,0.5234323,0.774801,0.7452582,0.8358213,0.6325459,0.9058839,0.8802532,0.09994436,0.8117985,0.1222734,0.8479151,0.6265848,0.1193366
GSM4299364,0,0.739450691,0.557374195,0.5403706,0.6597565,0.5954085,0.5789981,0.7661577,0.6899566,0.8152501,0.7006383,0.9145519,0.880739,0.1057765,0.7912156,0.1001897,0.8567374,0.6448512,0.1338148
GSM4299365,1,0.719966452,0.45264976,0.5541914,0.6965557,0.6064249,0.6408806,0.7910642,0.7296671,0.7716457,0.6826842,0.8983602,0.8720889,0.1045916,0.7800409,0.1791617,0.8563845,0.6781435,0.1179582
GSM4299366,1,0.722691515,0.43314475,0.5752276,0.6539217,0.609265,0.7273569,0.7581961,0.6898818,0.8266777,0.6132266,0.9028011,0.8610312,0.1129989,0.8120578,0.1317545,0.8512325,0.7471213,0.1297806
GSM4299368,1,0.716077057,0.492770645,0.5321188,0.7063505,0.6814201,0.6906182,0.7546111,0.6198202,0.7712013,0.5867723,0.8971436,0.8664663,0.09859859,0.6165044,0.2305894,0.8435931,0.7670235,0.1169809
GSM4299369,1,0.773314913,0.500433937,0.5975682,0.6573055,0.5513355,0.6075206,0.7418614,0.7727309,0.8040767,0.6133296,0.8995038,0.8543322,0.1104729,0.7417576,0.1552113,0.8443843,0.682792,0.1078088
GSM4299371,1,0.773814788,0.512406642,0.5586784,0.6799963,0.5809878,0.3881229,0.7584368,0.541078,0.7805548,0.6659843,0.8845126,0.8776558,0.121293,0.7710448,0.09865828,0.8507003,0.469687,0.1088672
GSM4299372,0,0.747667271,0.492422659,0.5163251,0.6571389,0.584725,0.5950953,0.7527291,0.6279343,0.776897,0.6066606,0.9039391,0.8548365,0.1146576,0.6721575,0.1261028,0.8347413,0.6737539,0.1214355
GSM4299373,1,0.774259484,0.502511584,0.5950271,0.6789884,0.5658733,0.5032378,0.7604682,0.7201332,0.7746866,0.6043805,0.8767346,0.8446769,0.111128,0.7728531,0.1058118,0.8512068,0.5743845,0.1211538
GSM4299375,0,0.770416005,0.551456566,0.5556602,0.6694416,0.6145515,0.5808757,0.7526521,0.6387926,0.7625267,0.6500893,0.8803367,0.8832722,0.1103091,0.7432706,0.1203217,0.8447527,0.6626675,0.1213636
GSM4299378,0,0.73598723,0.544729968,0.5997129,0.6347555,0.6671456,0.5654018,0.7673603,0.635503,0.7633052,0.6550728,0.8869465,0.8642684,0.1258813,0.763344,0.1359937,0.8511339,0.6747499,0.1260133
GSM4299379,1,0.776489509,0.465661755,0.6044408,0.646921,0.6799206,0.49721,0.7436109,0.6092669,0.8049797,0.6773211,0.8766492,0.8658216,0.1138488,0.7625507,0.2281814,0.8472428,0.5748228,0.1152576
GSM4299380,1,0.746423237,0.535135897,0.578308,0.6562096,0.5465806,0.5340142,0.7267966,0.636263,0.8092123,0.6270445,0.8933304,0.8511463,0.1105339,0.7929604,0.1396076,0.8408253,0.6386512,0.1250442
GSM4299381,0,0.745515085,0.606202943,0.5619195,0.6710412,0.5362838,0.5099012,0.7653325,0.6857913,0.778082,0.7076157,0.9124557,0.8739101,0.1132108,0.7641504,0.1111633,0.8492646,0.5748931,0.1268848
GSM4299382,1,0.729947766,0.572702307,0.5741556,0.6871915,0.5443362,0.3834694,0.7518588,0.6988928,0.7753939,0.5883139,0.881852,0.8603626,0.1102157,0.709103,0.1136763,0.8443113,0.5347536,0.1224905
GSM4299383,1,0.736307726,0.608985065,0.5332188,0.7464754,0.5447301,0.7831784,0.7323381,0.7382661,0.7715231,0.6857397,0.9059428,0.8772682,0.1103402,0.7352377,0.1739808,0.8392808,0.7964619,0.1132418
GSM4299384,0,0.735379326,0.456603038,0.5007141,0.6619696,0.6542432,0.4667604,0.7334249,0.6236723,0.7399971,0.5838156,0.9019611,0.8823376,0.1121391,0.78989,0.1018837,0.8200959,0.5152082,0.1280952
GSM4299385,0,0.751190534,0.448449005,0.5957107,0.6721586,0.6299944,0.6069322,0.7697404,0.6290119,0.7839507,0.6390221,0.9082101,0.8823041,0.1096525,0.7642083,0.1195906,0.838498,0.6688078,0.119695
GSM4299387,0,0.742127053,0.530447872,0.5504506,0.6567256,0.6028967,0.5644676,0.7252658,0.6473764,0.7538813,0.634336,0.9147546,0.8730683,0.1046,0.7090753,0.1728015,0.8356632,0.6688989,0.1388919
GSM4299388,1,0.739420764,0.565773406,0.5542226,0.6764802,0.6618366,0.5060334,0.7095584,0.6611984,0.7639504,0.6514863,0.877845,0.8518668,0.121766,0.7249871,0.1586215,0.8441816,0.5933942,0.1204749
GSM4299390,1,0.699631018,0.4946578,0.566884,0.6680234,0.5981994,0.6305791,0.7444271,0.7225103,0.7229727,0.6340453,0.9015761,0.8401327,0.1057499,0.7664952,0.1298447,0.8422528,0.6617143,0.1090174
GSM4299391,1,0.7329688,0.435278881,0.5948439,0.6862742,0.5718339,0.7229953,0.7147703,0.6831323,0.8031385,0.6903465,0.8997636,0.878008,0.1130465,0.7820304,0.1621994,0.8646171,0.7411762,0.1273668
GSM4299392,1,0.748240475,0.499024544,0.5796217,0.6835236,0.6060121,0.68032,0.7703317,0.640991,0.7859111,0.6530181,0.8947864,0.8759975,0.1129215,0.7116943,0.1051738,0.8359144,0.7272445,0.1268623
GSM4299393,1,0.750136431,0.443039783,0.5872694,0.6569544,0.5249912,0.65901,0.7646045,0.6728058,0.7591975,0.6016641,0.9059646,0.8494858,0.1109409,0.6854713,0.1198029,0.8315699,0.6912358,0.1173499
GSM4299394,0,0.717746499,0.572175559,0.5971255,0.6554723,0.5425634,0.7485038,0.7567972,0.6431686,0.7823582,0.6092471,0.8928843,0.8528897,0.1176845,0.7566061,0.125556,0.8308732,0.7559253,0.1222201
GSM4299395,0,0.734699505,0.520599785,0.5216292,0.6351082,0.6516767,0.6839385,0.7226254,0.6619284,0.7838402,0.6224563,0.9039414,0.8698802,0.1077401,0.7511547,0.09848686,0.8312433,0.7052047,0.1150155
GSM4299397,0,0.718414902,0.488428796,0.5452953,0.6615664,0.6378303,0.4886579,0.7601935,0.6814773,0.7484647,0.6041856,0.9047357,0.86956,0.1073249,0.7664134,0.174182,0.8567942,0.5518899,0.1226738
GSM4299400,1,0.777573716,0.478862488,0.5871531,0.6950158,0.608503,0.656832,0.7818506,0.5899593,0.7517956,0.6516462,0.8918189,0.8612583,0.1136918,0.7343054,0.1825924,0.836314,0.6855637,0.1161271
GSM4299401,0,0.746305087,0.462990564,0.5644583,0.6300325,0.6506649,0.5652673,0.770691,0.6246753,0.7711594,0.6429732,0.9228323,0.8599223,0.1094115,0.7608971,0.1050447,0.8091785,0.5834659,0.1238219
GSM4299403,1,0.77850211,0.491200486,0.5591779,0.6419712,0.4936542,0.5324808,0.765809,0.7482042,0.806824,0.6519069,0.8998228,0.8670234,0.117444,0.6528334,0.124348,0.8371908,0.5642494,0.1016374
GSM4299408,1,0.727909381,0.45214042,0.5508181,0.6733315,0.6429829,0.5264873,0.7418739,0.6730697,0.7727241,0.6119694,0.9087422,0.7982114,0.1093731,0.6384915,0.1335937,0.8417207,0.6112396,0.123541
GSM4299410,1,0.747840796,0.495775166,0.6061293,0.6529312,0.6297506,0.6700303,0.7636792,0.6517473,0.7937675,0.6272169,0.8990803,0.859457,0.1059536,0.765749,0.1166858,0.8370087,0.7012362,0.1324879
GSM4299411,1,0.712620406,0.449631861,0.558059,0.6219279,0.6381143,0.6956973,0.7560563,0.6171613,0.7754926,0.6213999,0.8909142,0.8576425,0.1102702,0.5823726,0.09767917,0.8378455,0.7663344,0.1240018
GSM4299414,0,0.697006005,0.679637061,0.5140146,0.6420785,0.6844751,0.4305216,0.725477,0.6003205,0.7498903,0.5729488,0.8908273,0.8798177,0.09278281,0.744019,0.1299324,0.834449,0.449898,0.1186286
GSM4299417,1,0.736454047,0.504630148,0.5785461,0.6494906,0.5476505,0.7781596,0.7429595,0.6615283,0.8067808,0.6830909,0.8904035,0.865421,0.1025954,0.7602762,0.1550772,0.8443203,0.782116,0.1296818
GSM4299418,0,0.71605923,0.486701183,0.467583,0.6143007,0.6386198,0.5211756,0.7836967,0.6024228,0.7218964,0.5628992,0.9163556,0.8721147,0.1062052,0.7452049,0.09233813,0.825479,0.5784141,0.1298454
GSM4299419,0,0.716868908,0.595494037,0.5237779,0.639996,0.5343701,0.6108018,0.733755,0.6819924,0.7366506,0.6000923,0.9115003,0.8621229,0.108043,0.7683001,0.1607473,0.8253719,0.6747279,0.1368336
GSM4299421,0,0.706783172,0.641009537,0.5257503,0.6404032,0.6200827,0.5511029,0.7383139,0.6176576,0.7889392,0.5842384,0.9155859,0.8769677,0.1179787,0.7516433,0.1320677,0.825792,0.5908783,0.1344031
GSM4299423,0,0.735396563,0.528812643,0.6043577,0.6480014,0.6089437,0.5286916,0.7484606,0.6826081,0.798132,0.6595407,0.8936108,0.8671209,0.102154,0.7513959,0.123982,0.8316773,0.611595,0.1246958
GSM4299424,0,0.74046861,0.542215373,0.5519365,0.6544734,0.5892958,0.6006409,0.7373367,0.6621047,0.7700227,0.6327304,0.8992461,0.9051753,0.1108421,0.75777,0.09388693,0.841152,0.7410481,0.1305167
GSM4299426,0,0.75032467,0.396454635,0.5663006,0.6769419,0.5923312,0.5275139,0.7789789,0.6279632,0.7791527,0.6152198,0.9036673,0.8654804,0.1135494,0.7644583,0.09708464,0.8357718,0.5804957,0.1103218
GSM4299427,0,0.727230421,0.479290435,0.4992322,0.6475212,0.6145072,0.4807613,0.7681915,0.6426117,0.7351199,0.650819,0.9099919,0.8817557,0.1213777,0.7484998,0.08852744,0.8228352,0.5172341,0.1072266
GSM4299429,0,0.734355019,0.505080055,0.5840332,0.6168117,0.7149308,0.565372,0.7400617,0.5964159,0.8016986,0.623234,0.9050478,0.858643,0.1083342,0.7837508,0.1207598,0.8545015,0.6700656,0.1133749
GSM4299431,1,0.769802757,0.596464926,0.5452377,0.6969519,0.7433969,0.5509891,0.7673727,0.6967061,0.7802238,0.6545096,0.8911477,0.865269,0.1008615,0.7760031,0.1213415,0.8380902,0.6373171,0.1321342
GSM4299432,1,0.732979441,0.515670593,0.5894416,0.6613394,0.6109922,0.6072523,0.7530984,0.639277,0.7907677,0.6572766,0.9065901,0.8825976,0.1080182,0.7567255,0.1234922,0.8277008,0.6495476,0.1180071
GSM4299433,1,0.725680611,0.552124816,0.5265071,0.6379227,0.6811193,0.7162843,0.7534208,0.6377438,0.7428409,0.584043,0.9006598,0.8615506,0.1114109,0.7282998,0.09904119,0.8326016,0.7605275,0.1242122
GSM4299434,0,0.704439244,0.543854044,0.545532,0.6461838,0.6119924,0.6778335,0.7493887,0.589098,0.7597412,0.6424451,0.9010014,0.8799639,0.1108174,0.7712176,0.110801,0.8248403,0.7418256,0.1112888
GSM4299436,1,0.752439931,0.291958885,0.5564426,0.7087467,0.5502062,0.7299556,0.7593046,0.6973091,0.7898783,0.6501174,0.9102544,0.8244642,0.1010636,0.6283294,0.1383544,0.8428413,0.7418268,0.1277676
GSM4299437,0,0.693032336,0.530308289,0.5400226,0.6947206,0.5544666,0.5618474,0.743575,0.6423095,0.784503,0.5883294,0.9001314,0.895299,0.1143995,0.7561609,0.1307696,0.849319,0.6373212,0.1275028
GSM4299438,1,0.761269688,0.570189797,0.5885035,0.685427,0.4686697,0.5537981,0.7515302,0.5859208,0.779957,0.6277463,0.8969144,0.8280717,0.1188022,0.6924227,0.1301433,0.8468816,0.6309148,0.09927798
GSM4299453,1,0.714746749,0.51998482,0.5280521,0.6761667,0.6361947,0.562023,0.7268178,0.6449695,0.7802545,0.5985871,0.9016868,0.8662201,0.1023882,0.7078762,0.1472509,0.8504031,0.6561402,0.1183974
GSM4299454,0,0.745530254,0.562811992,0.5566501,0.6496745,0.630684,0.5936707,0.7388954,0.6471697,0.8017478,0.6285546,0.895392,0.8593493,0.09654887,0.7667206,0.1187498,0.8331736,0.6267589,0.1058601
GSM4299455,1,0.74142021,0.526776839,0.5661335,0.6675926,0.4787033,0.5562056,0.759628,0.6548553,0.7787765,0.6772285,0.9039598,0.8817375,0.1242938,0.7336749,0.1435058,0.8260583,0.6146265,0.123971
GSM4299456,1,0.713769531,0.505463214,0.5350696,0.6984666,0.6136338,0.5774223,0.7630867,0.6919359,0.8134565,0.6835694,0.8821296,0.8846689,0.1035879,0.7559466,0.2061971,0.8407499,0.6460716,0.1111416
GSM4299457,1,0.747124767,0.570454027,0.5596322,0.6548939,0.562803,0.526386,0.7524593,0.6776444,0.7457626,0.6076164,0.8869742,0.8541289,0.1034551,0.7204773,0.1400626,0.8526775,0.6066236,0.1137947
GSM4299458,0,0.749125024,0.490090071,0.507798,0.6182855,0.5538394,0.6007395,0.7501317,0.611225,0.7538733,0.6188703,0.9020569,0.8738759,0.1161496,0.7360982,0.1432143,0.8163114,0.6410388,0.1210336
GSM4299459,0,0.735375336,0.577313033,0.5683079,0.6270598,0.5553241,0.4902338,0.7532353,0.613527,0.7999122,0.633245,0.9136201,0.8512884,0.1152875,0.7322999,0.1203435,0.8361815,0.5909296,0.1343326
GSM4299463,0,0.710228484,0.545937045,0.5699084,0.7020298,0.6499663,0.5725113,0.7070177,0.62956,0.7696474,0.6493726,0.8987147,0.8751268,0.1025477,0.7781597,0.1292051,0.8334101,0.6709533,0.1232167
GSM4299465,0,0.726696109,0.432403602,0.5989429,0.706192,0.6947996,0.482556,0.7403637,0.6848674,0.8017554,0.6225817,0.913388,0.8582209,0.09905898,0.7911072,0.1477953,0.8212227,0.6127697,0.1338116
GSM4299466,0,0.714746927,0.557016873,0.5529044,0.6636569,0.6209484,0.5184273,0.7546157,0.7100319,0.7619895,0.6757348,0.9020336,0.8726164,0.1033776,0.7961029,0.1244,0.8173234,0.5656159,0.1329478
GSM4299468,0,0.75052273,0.540474879,0.5664971,0.6152509,0.5905089,0.598648,0.7705347,0.6690137,0.7643738,0.6859646,0.9098822,0.8596529,0.09052773,0.7721582,0.1227286,0.8246586,0.642863,0.1454604
GSM4299469,0,0.75870743,0.579809037,0.570899,0.6724237,0.7691936,0.2450338,0.7375215,0.6892071,0.775521,0.6877011,0.8664153,0.8666105,0.09888478,0.8049977,0.1113115,0.8406074,0.3386274,0.125944
GSM4299470,1,0.731403399,0.470680527,0.5809185,0.6741649,0.6114365,0.6525462,0.7666376,0.6161745,0.8102459,0.6926085,0.8996045,0.8827941,0.110376,0.7554738,0.114685,0.8325045,0.6585358,0.1195004
GSM4299472,1,0.755155771,0.513725353,0.5683416,0.6903371,0.6475581,0.5930212,0.7512147,0.7050491,0.8062128,0.6697115,0.9020745,0.8693615,0.1024705,0.7210623,0.1329782,0.8436136,0.6672891,0.1310205
GSM4299473,1,0.753575558,0.495024413,0.5694462,0.6442453,0.5265478,0.7008403,0.7613366,0.713448,0.7705005,0.6475166,0.9055147,0.8713199,0.1198214,0.7605937,0.1424297,0.852259,0.7326132,0.1301235
GSM4299476,1,0.691507781,0.43914367,0.5334643,0.6369123,0.6272707,0.5672226,0.7322463,0.7029538,0.8077092,0.6276445,0.9098085,0.8665166,0.107836,0.7685473,0.1420508,0.8257984,0.699834,0.1300224
GSM4299477,1,0.752815428,0.523466375,0.6002049,0.6618235,0.5732359,0.6624917,0.7323746,0.6613552,0.8273128,0.6446063,0.9024129,0.8654159,0.1109432,0.7409275,0.1342044,0.8183085,0.7194943,0.1234882
GSM4299478,0,0.72139288,0.664229843,0.5472581,0.6290705,0.6414598,0.5797444,0.725648,0.6138719,0.7916062,0.6374401,0.916434,0.8627175,0.1053052,0.7965481,0.1150337,0.8491063,0.6264616,0.1195837
GSM4299479,0,0.70155632,0.526626885,0.5191586,0.6620883,0.6719988,0.6029892,0.7405427,0.5517721,0.7556434,0.6209326,0.899419,0.8669522,0.112571,0.7564884,0.1465625,0.8199825,0.6808208,0.1247392
GSM4299482,0,0.738769106,0.521569851,0.5568375,0.6188527,0.6196694,0.6164066,0.7104877,0.6079609,0.8105974,0.62813,0.8794198,0.879704,0.1007739,0.7811662,0.1222903,0.8443552,0.6634168,0.1404638
GSM4299483,0,0.739634128,0.593943485,0.6153788,0.6583589,0.6130599,0.7223922,0.7143032,0.6620505,0.7772275,0.594618,0.9003265,0.8732878,0.1108038,0.7759569,0.1480191,0.8350549,0.7243761,0.1360011
GSM4299485,1,0.758813553,0.478335381,0.5758857,0.660636,0.5952085,0.7035719,0.7662899,0.6724255,0.7735352,0.6648081,0.8958823,0.8757442,0.1140388,0.785213,0.1396852,0.830991,0.7294303,0.1210247
GSM4299486,0,0.716205669,0.436096096,0.5336186,0.6208294,0.5669858,0.4471118,0.7550309,0.6484299,0.7533766,0.576054,0.9043315,0.8668315,0.1026195,0.7627953,0.1028844,0.8214673,0.5332948,0.1271829
GSM4299487,1,0.752786226,0.535246199,0.6787246,0.7016337,0.5226864,0.801598,0.7446501,0.7135322,0.8337647,0.6613631,0.8920729,0.8665169,0.111333,0.778422,0.09632678,0.8504959,0.823412,0.1315524
GSM4299490,1,0.696615056,0.522422973,0.5502461,0.6520274,0.5785488,0.557112,0.7480949,0.6744602,0.8102662,0.6451546,0.8907144,0.8589018,0.1150453,0.726864,0.1243625,0.8428858,0.6080512,0.1158424
GSM4299491,0,0.733396174,0.467118665,0.5150003,0.6323743,0.5028898,0.5450818,0.7579474,0.6622511,0.7921268,0.6054614,0.8993511,0.8654527,0.1023335,0.7709354,0.1323946,0.8480129,0.602589,0.1278427
GSM4299492,0,0.724841817,0.624205984,0.5633526,0.6363077,0.6545435,0.6580873,0.7411254,0.6962286,0.789668,0.6527479,0.8980609,0.8524142,0.1060165,0.7633366,0.09756684,0.833418,0.7096976,0.1132733
GSM4299493,0,0.727718496,0.46089697,0.609127,0.6096221,0.6431584,0.292704,0.7400004,0.6726281,0.7669101,0.6406577,0.9030035,0.8775854,0.107433,0.7702569,0.1370465,0.8200147,0.3457084,0.1289143
GSM4299495,1,0.727660087,0.417729211,0.5610286,0.6366718,0.6352199,0.4842606,0.7642692,0.6798887,0.7892824,0.6374844,0.8970034,0.8677791,0.1082526,0.5564993,0.1294007,0.8382861,0.5831785,0.1288766
GSM4299498,0,0.776356601,0.437267589,0.6202599,0.6786199,0.3680547,0.7821452,0.7553927,0.675352,0.7715621,0.7039108,0.908082,0.8813433,0.106202,0.782264,0.08076085,0.8353939,0.7964274,0.1262094
GSM4299499,0,0.703350592,0.429897409,0.5138814,0.6464703,0.670959,0.3678549,0.7252662,0.6829791,0.7582246,0.6306241,0.9031395,0.8560318,0.1041749,0.7914957,0.08348269,0.8319681,0.4876272,0.1333376
GSM4299547,0,0.709877784,0.582382254,0.6067134,0.6484995,0.5566302,0.6039592,0.7382208,0.653243,0.7905495,0.6836126,0.9066795,0.8729285,0.1016115,0.744521,0.1171502,0.8403469,0.6403542,0.1331959
GSM4299548,0,0.738678923,0.560121443,0.6060659,0.6414241,0.5080651,0.3779801,0.7140478,0.6204794,0.7651011,0.6182417,0.9216677,0.8767913,0.1019886,0.7996149,0.1085683,0.8272949,0.489397,0.1329682
GSM4299549,0,0.698135788,0.527608061,0.5121996,0.6486065,0.6323019,0.6042331,0.741536,0.6427666,0.7898328,0.6208112,0.9046871,0.8762441,0.09736119,0.7757284,0.09756032,0.8301565,0.6691966,0.1381856
GSM4299550,0,0.712637806,0.577845346,0.5667029,0.6699218,0.6474063,0.6576866,0.7337715,0.6340691,0.8014614,0.6192081,0.9150606,0.8731937,0.1018352,0.7659793,0.09082938,0.8553999,0.716306,0.1227288
GSM4299551,1,0.721109788,0.52163387,0.5421231,0.6209256,0.5502844,0.8147252,0.7540115,0.6645112,0.7860078,0.6384361,0.891569,0.8666492,0.1065135,0.7803024,0.1480771,0.8386761,0.8261061,0.1420785
GSM4299552,0,0.701306499,0.50402705,0.5619206,0.6381471,0.6075304,0.5480748,0.7100287,0.658354,0.778242,0.6473078,0.9258998,0.857414,0.09837307,0.7921613,0.08192863,0.8115854,0.6444934,0.1291082
GSM4299555,1,0.75280631,0.537587198,0.549829,0.6930608,0.5880686,0.6429885,0.7515517,0.6143455,0.7651981,0.5847519,0.8970002,0.8682754,0.1266651,0.6824796,0.1538793,0.8448163,0.6761163,0.120999
GSM4299556,1,0.731640984,0.558984228,0.5310728,0.6548154,0.515982,0.6021222,0.771723,0.6536704,0.7754604,0.6599226,0.9097916,0.8616495,0.1109646,0.7067576,0.1126785,0.8342359,0.6235102,0.1193282
GSM4299557,0,0.743745646,0.48120663,0.5612444,0.6973505,0.6630993,0.4595771,0.7763537,0.61101,0.7447125,0.6044191,0.8677728,0.8873425,0.1162597,0.701784,0.1195256,0.8232922,0.5837671,0.1398838
GSM4299559,1,0.747383184,0.524940507,0.5725956,0.6611164,0.4411225,0.4154535,0.72855,0.6071853,0.817771,0.6414748,0.8874588,0.8846789,0.107434,0.7490187,0.1265234,0.8369199,0.5230217,0.1312395
GSM4299565,0,0.73461626,0.449987822,0.5389111,0.6466605,0.540264,0.5578369,0.7242524,0.7044174,0.7457693,0.6128363,0.8913272,0.8889431,0.1108169,0.7703653,0.1106797,0.8252132,0.6469342,0.1363527
GSM4299569,1,0.7290698,0.413373299,0.5963688,0.6531929,0.5715102,0.6284245,0.7583237,0.6684598,0.7961111,0.7078452,0.902691,0.8375013,0.111005,0.7275715,0.1051984,0.838499,0.6891428,0.1159971
GSM4299571,1,0.719788129,0.550065286,0.5450236,0.6641765,0.6092294,0.6148525,0.7409364,0.6416742,0.787084,0.6286577,0.9050435,0.8651317,0.1072081,0.7586846,0.1880495,0.8428793,0.6566679,0.1242776
GSM4299572,1,0.742790755,0.539941174,0.5756759,0.6393207,0.5564278,0.5286314,0.7451329,0.7075456,0.7991879,0.6428795,0.8911642,0.8734864,0.1090687,0.760791,0.1031015,0.8664463,0.6056302,0.1401678
GSM4299573,0,0.738414446,0.521606546,0.5398789,0.6500156,0.6840906,0.6008636,0.7476126,0.6556589,0.7687269,0.6028896,0.8982666,0.8898628,0.1063971,0.690899,0.1201975,0.8335521,0.6546382,0.1397168
GSM4299574,1,0.763520799,0.467100876,0.5545771,0.6417203,0.6240028,0.6448911,0.7325273,0.6256663,0.7969374,0.6866177,0.8919223,0.8459893,0.1110978,0.7316721,0.1026851,0.8370468,0.6844338,0.1240482
GSM4299575,1,0.716324021,0.460811242,0.5463833,0.6037574,0.6673806,0.405144,0.7612195,0.6220144,0.7969193,0.6216481,0.8786095,0.8701944,0.1180382,0.6769609,0.09548789,0.8052309,0.5054424,0.1266934
GSM4299576,0,0.727513414,0.482353854,0.5229733,0.613852,0.5552119,0.5541657,0.7145405,0.6320462,0.7663996,0.5815527,0.8850838,0.8545866,0.1033956,0.7206383,0.09837912,0.8128883,0.5972914,0.1279305
GSM4299577,1,0.729853128,0.560340182,0.5576029,0.6686313,0.5421939,0.5408927,0.772006,0.6658459,0.7719588,0.6378408,0.8821388,0.8546207,0.1069556,0.7293913,0.1447905,0.8199723,0.6621041,0.1082257
GSM4299578,1,0.730369518,0.465952883,0.5483099,0.6607264,0.6516551,0.6085048,0.7341086,0.6650426,0.7996693,0.6071946,0.8941411,0.8476618,0.1169758,0.6962909,0.1576517,0.839213,0.6468307,0.1302778
GSM4299579,1,0.736168655,0.466474711,0.6379446,0.6623039,0.5382942,0.5357645,0.7439318,0.6815822,0.8050152,0.6470525,0.8651875,0.8528628,0.1029272,0.7585381,0.1336764,0.8248292,0.6492078,0.123023
GSM4299581,0,0.714430342,0.509903073,0.4829453,0.6714512,0.6126012,0.5469583,0.7844513,0.6204847,0.7528501,0.5695218,0.9038892,0.8684139,0.09271735,0.7320383,0.1184682,0.8206317,0.6267572,0.1103338
GSM4299582,1,0.732698379,0.548496405,0.5693786,0.6487134,0.5833379,0.6033181,0.7602501,0.6215052,0.7988251,0.6769055,0.9052039,0.8709565,0.133812,0.7115177,0.14864,0.8368685,0.6574029,0.1208363
GSM4299585,0,0.758486234,0.511579567,0.5159736,0.644544,0.6130241,0.6316894,0.7802542,0.5984512,0.7840968,0.5967777,0.8945443,0.8722438,0.101192,0.7027739,0.1237141,0.8353673,0.6384222,0.114205
GSM4299586,1,0.753239413,0.418657242,0.4953797,0.6637881,0.6133711,0.6834352,0.7899435,0.6666394,0.7632585,0.6090292,0.8875118,0.8668905,0.1052475,0.7689757,0.09638989,0.8442161,0.7420239,0.1198461
GSM4299587,0,0.728531852,0.508554555,0.5429096,0.6152123,0.6062231,0.3365545,0.7348004,0.6747764,0.8287147,0.591751,0.8979863,0.8619972,0.1071776,0.8022332,0.1145023,0.8567358,0.5111886,0.1378182
GSM4299588,1,0.739978536,0.539741615,0.5345848,0.6263499,0.6403681,0.7311534,0.7412347,0.6550476,0.7901188,0.5992239,0.8800369,0.8705565,0.1027816,0.7246273,0.1236929,0.8519759,0.7727111,0.1272699
GSM4299589,0,0.741255581,0.541050751,0.582162,0.7080584,0.6927571,0.6073601,0.7525698,0.5729373,0.8052258,0.5720356,0.8884931,0.8530559,0.114564,0.7627423,0.1213768,0.8142763,0.6649366,0.1224781
GSM4299590,0,0.720729932,0.494957704,0.5186635,0.6408903,0.6525337,0.3819598,0.738576,0.637426,0.7440822,0.5950393,0.8846087,0.8619532,0.1112995,0.7461085,0.1226582,0.8359681,0.466882,0.1347903
GSM4299591,0,0.735510055,0.550512551,0.5698354,0.6464902,0.5634421,0.5469359,0.7256251,0.6695869,0.7991292,0.6039426,0.8787963,0.8758975,0.1119215,0.6956481,0.1016616,0.823787,0.5923566,0.1252175
GSM4299616,0,0.716875616,0.495021229,0.5851728,0.6410962,0.5956636,0.6167755,0.7034362,0.577823,0.8090307,0.6091737,0.9022152,0.8554059,0.09400137,0.7581621,0.1074532,0.8205435,0.6698204,0.1343733
GSM4299619,0,0.735197942,0.493887902,0.5759183,0.6573472,0.5767622,0.576277,0.7192852,0.6731104,0.7956175,0.6318797,0.9018,0.8761448,0.1063789,0.7325699,0.1468485,0.8375995,0.6426112,0.1209256
GSM4299620,1,0.758673133,0.500362634,0.6009851,0.6491441,0.5061786,0.5396805,0.7698414,0.6258515,0.8181617,0.6656624,0.8989386,0.8629655,0.1136522,0.7016092,0.140585,0.8558845,0.6267182,0.1203533
GSM4299622,1,0.714311463,0.523840506,0.4993358,0.6431358,0.5025061,0.6632309,0.7666161,0.6604851,0.7807815,0.5835505,0.8915935,0.8689525,0.1117774,0.7393341,0.1785283,0.8455823,0.6974808,0.131828
GSM4299627,1,0.752393213,0.493309943,0.5343419,0.6560108,0.6239596,0.6660438,0.7278755,0.6895323,0.809696,0.6102402,0.8737833,0.8535382,0.1183935,0.7674526,0.202953,0.8473969,0.7389826,0.1104716
GSM4299628,0,0.734890377,0.510226524,0.6076683,0.631738,0.6557385,0.5143102,0.7356287,0.6570655,0.7777728,0.6319042,0.8960429,0.8656129,0.09970433,0.7385576,0.1251718,0.8424833,0.5581723,0.1239773
GSM4299629,0,0.751660359,0.472069226,0.4824078,0.6289799,0.6747087,0.5665758,0.7494815,0.6898488,0.7702662,0.5776924,0.8957065,0.8696843,0.1078113,0.7918657,0.09095654,0.8373898,0.6480195,0.1287284
GSM4299632,0,0.736357656,0.614100686,0.5438413,0.6710389,0.589059,0.459117,0.7287545,0.6220186,0.8007969,0.6494261,0.9062279,0.8517012,0.1123127,0.7510728,0.1241144,0.8395939,0.5047288,0.1344935
GSM4299635,0,0.71103749,0.649019429,0.5252567,0.6488337,0.5929191,0.6309577,0.7482924,0.6176403,0.7843489,0.5797403,0.8903784,0.8804656,0.09697254,0.7183025,0.1487568,0.8401021,0.7129838,0.1237073
GSM4299636,1,0.762945838,0.494068608,0.5850138,0.6530235,0.623007,0.6115765,0.7549407,0.6313728,0.8106996,0.6053655,0.8955944,0.882449,0.1137781,0.7668079,0.07892526,0.8229359,0.6862908,0.1190316
GSM4299637,0,0.721805341,0.48390186,0.535635,0.6670705,0.7027152,0.51773,0.7397229,0.6388526,0.7800744,0.6642793,0.8795408,0.8657379,0.09585886,0.7338823,0.1831952,0.8497154,0.6286807,0.1208697
GSM4299638,1,0.752296247,0.455894231,0.5925691,0.6377818,0.6564649,0.6705176,0.7621802,0.660015,0.7914182,0.6619079,0.9086812,0.857698,0.113484,0.7052232,0.1477397,0.8364109,0.712474,0.1261254
GSM4299639,1,0.743410471,0.500989572,0.5508466,0.622636,0.5225221,0.6349669,0.7513286,0.6073359,0.7655871,0.6151422,0.8936154,0.8615121,0.1114654,0.6581532,0.1055907,0.8597289,0.6967769,0.1248183
GSM4299640,1,0.77187415,0.497469906,0.5213377,0.6999558,0.5684802,0.6595385,0.7705542,0.6196508,0.7811909,0.6139698,0.9072422,0.8578491,0.1076777,0.732097,0.1426739,0.8364992,0.6564729,0.1202566
GSM4299641,1,0.780886283,0.389615757,0.5193675,0.6542336,0.6519957,0.5572026,0.7329239,0.6721666,0.789909,0.6511797,0.8890181,0.8627245,0.1361258,0.75894,0.1301152,0.8427662,0.5692451,0.1172626
GSM4299644,1,0.751417117,0.496726957,0.5724827,0.6634975,0.5493697,0.477552,0.7586517,0.7120275,0.7823499,0.6251064,0.8933431,0.8688754,0.1009048,0.6368678,0.1243828,0.8472042,0.5724135,0.1146683
GSM4299645,0,0.709605746,0.564241561,0.5358934,0.6418354,0.6114538,0.5603041,0.7559792,0.6397343,0.7656225,0.5696949,0.8962612,0.857282,0.1111814,0.7477933,0.1197513,0.8283681,0.6642072,0.122217
GSM4299649,0,0.7430476,0.625726325,0.5511338,0.6758002,0.6371463,0.6300012,0.7476554,0.5994012,0.748479,0.6269459,0.9073319,0.8750653,0.1134803,0.753275,0.1526671,0.8337592,0.6499782,0.1291608
GSM4299650,1,0.756363781,0.509640526,0.6087919,0.6332519,0.5035379,0.5534522,0.7565449,0.718745,0.7776819,0.614786,0.9014196,0.8514598,0.1142897,0.7627143,0.1438534,0.8426068,0.6042329,0.1230293
GSM4299652,0,0.729601235,0.532352342,0.547662,0.6617039,0.6566545,0.4472425,0.7507946,0.6000999,0.8121473,0.6631469,0.8982046,0.8620689,0.1098517,0.7518923,0.113918,0.8144649,0.5205823,0.1232059
GSM4299653,1,0.762863675,0.517424813,0.5813937,0.6495136,0.598622,0.6358466,0.7433066,0.6097806,0.7912992,0.6221128,0.9057391,0.8490241,0.1106072,0.7467434,0.1580356,0.8501747,0.6923307,0.1269807
GSM4299654,0,0.69676675,0.591719699,0.5499019,0.6369972,0.5565808,0.4923733,0.7132688,0.4586598,0.842412,0.6568103,0.8828775,0.9024307,0.08384433,0.6642304,0.102595,0.8803261,0.4309238,0.1556187
GSM4299655,1,0.777299016,0.483612735,0.6335695,0.6924143,0.5858438,0.6472814,0.7668137,0.6422213,0.8004579,0.6750189,0.8991885,0.877408,0.1106686,0.7489328,0.1222622,0.8428313,0.7191928,0.1153406
GSM4299657,1,0.737063598,0.625202765,0.5437199,0.6864693,0.5098944,0.6608853,0.7495146,0.6291905,0.7828182,0.6771426,0.8877948,0.8568866,0.1171968,0.7499185,0.131247,0.8402772,0.7056351,0.1133937
GSM4299661,0,0.725794257,0.479204107,0.6059189,0.6658254,0.6928273,0.6640951,0.7289207,0.6202246,0.7758113,0.6221397,0.9133406,0.8928804,0.1103289,0.7503034,0.08853849,0.8243983,0.6990392,0.1244195
GSM4299662,1,0.744477106,0.531145686,0.5131806,0.6555529,0.6231658,0.5594027,0.7642899,0.6044011,0.7893351,0.6436346,0.8814768,0.8742894,0.1158703,0.7583154,0.08663692,0.8409266,0.6369309,0.126951
GSM4299663,1,0.763577736,0.516001842,0.6310196,0.6965766,0.6696541,0.5984496,0.760031,0.7911695,0.8174828,0.6595772,0.8803717,0.8824609,0.1154996,0.7386108,0.1130731,0.8230138,0.634003,0.1187763
GSM4299664,1,0.7053195,0.517689426,0.5213137,0.6576269,0.5670602,0.5869169,0.7610384,0.6253,0.7443687,0.6282225,0.8689976,0.8651975,0.1049641,0.7789375,0.1497399,0.8564949,0.6755326,0.09882621
